Accession #,Position,P-site,Kinase,S (TP),T (TP),Y (TP),S (FN),T (FN),Y (FN)
Q14653,385/386/396/398/402/404/405,S/S/S/S/S/T/S,No_PK/No_PK/TBK1   No_PK/IKK_epsilon/TBK1/TBK1   No_PK/No_PK   No_PK   No_PK   No_PK   No_PK/No_PK,1,1,,4,,
P11836,289/250/231,S/T/S,CK2_group   CK2_group   CK2_group,2,1,,1,,
P18505,434,S,PKA_group/PKC_group,1,,,,,
P10301,66,Y,SRC/EphB2,,,1,,,
Q96SB4,222/480/393/726/482,S/S/S/S/S,No_PK/CK2_beta/CK2_alpha   No_PK   No_PK   CK2_beta/CK2_alpha   No_PK,3,,,1,,
P14921,257/38/205/282/251/285/223,S/T/Y/S/S/S/Y,CaM-KII_alpha   MAPK_group/MAPK7   No_PK   CaM-KII_alpha   CaM-KII_alpha   CaM-KII_alpha   No_PK,4,1,2,1,,
Q9UNZ2,167/165/74/140/114/272/271,Y/S/S/S/S/S/S,No_PK   No_PK   No_PK   No_PK/CDK1   No_PK/No_PK/No_PK   No_PK/No_PK   No_PK,4,,1,,,
P35579,1408/1943/1916/1800/754/1713/1803/1808,Y/S/S/T/Y/S/S/S,No_PK   No_PK/No_PK/No_PK/No_PK/No_PK/No_PK/No_PK   PKC_group/PKC_group/PKC_alpha/PKC_alpha   Chak1/Chak1   No_PK   No_PK   Chak1   Chak1,1,,1,,,
P53667,508/298/307/302/310,T/S/S/S/S,ROCK_group/PAK1/MRCKa   No_PK   No_PK   No_PK   No_PK/No_PK,3,1,,1,,
O14939,146/252/72/243/134/100/99,S/T/T/S/S/T/T,No_PK   PKC_alpha   No_PK   PKC_alpha   No_PK   No_PK   No_PK,2,,,1,,
Q15078,138/91/8,T/S/S,No_PK/No_PK/No_PK/CDK5   No_PK   No_PK/No_PK/CDK5,1,1,,0,,
Q9H1A4,316/317/364/362/339/377/373/530/563/518/524/299/386/343/520/522/307/916/65/555/547/536/286/537/51/703/688/686/701/569/60/699/202/313/1347/341/333/291/334/351/731/355/571/529,T/S/S/S/S/S/S/T/S/S/T/S/S/S/T/S/S/S/T/S/S/S/S/T/S/S/S/S/T/S/S/S/S/S/S/S/S/T/S/S/S/S/Y/S,No_PK   No_PK/No_PK   No_PK/No_PK/No_PK   No_PK/No_PK/No_PK   No_PK   No_PK/No_PK/No_PK/CDK1/PLK1   No_PK/No_PK   No_PK/No_PK/No_PK/CDK1/PLK1   No_PK   No_PK   No_PK/No_PK   No_PK   No_PK   No_PK   No_PK/PLK1   No_PK   No_PK   No_PK   No_PK/No_PK   No_PK/CDK1   No_PK/No_PK/No_PK   No_PK   No_PK/No_PK   No_PK/CDK1   No_PK/No_PK   No_PK/No_PK   No_PK/No_PK/No_PK/No_PK/CDK1/PLK1   No_PK/No_PK/PLK1   No_PK/No_PK/No_PK   No_PK/No_PK/No_PK/No_PK   No_PK/No_PK   No_PK/No_PK   No_PK/No_PK   No_PK/No_PK   No_PK   No_PK   No_PK   No_PK/No_PK/No_PK/CDK1/PLK1   No_PK   No_PK   No_PK/No_PK/No_PK   No_PK/No_PK/No_PK/No_PK/CDK1/PLK1   No_PK/No_PK   No_PK/No_PK,20,7,1,3,1,1
P25098,29/670/685,S/S/S,PKC_alpha   No_PK/MAPK_group   PKA_group,2,,,,,
Q08999,962/642/948/1035/417/401/986/659/972/1044/982/662/971/413/966/672/981/1068/952/688/974/694/973/1080/1097/1112/639,S/T/S/S/T/T/T/S/S/S/S/S/S/S/S/S/S/S/S/S/T/T/S/S/T/S/S,No_PK   CDK_group/CDK2   No_PK   CDK4/CDK6   CDK_group/CDK2   CDK4/CDK6   No_PK   No_PK   No_PK   CDK_group/CDK2   No_PK/No_PK   CDK_group/CDK2   No_PK   CDK_group/CDK2   No_PK   CDK4/CDK6   No_PK   CDK_group/CDK2   No_PK/CDK2   CDK_group/CDK2   No_PK   CDK_group/CDK2   No_PK/No_PK   CDK_group/CDK2   CDK_group/CDK2   CDK_group/CDK2   No_PK/CDK2,16,7,,1,1,
Q93045,80/62/73,S/S/S,No_PK   MAPK_group   MAPK_group,3,,,1,,
Q14674,1122/1508/1126/1545/1346/1552/1073/1396/1399/1305/1501,S/S/S/S/T/S/S/S/S/S/S,No_PK   No_PK/No_PK   No_PK/CDK1/MAPK1   No_PK   No_PK   No_PK   No_PK   No_PK   No_PK   No_PK   No_PK,8,1,,,,
P04083,207/5/216/39/21/24/27/28,Y/S/T/Y/Y/T/S/S,No_PK   No_PK   PKA_group   No_PK   Abl/EGFR/SRC   PKC_group   PKC_group/PKC_alpha   PKC_group,0,,2,,,
Q99418,392,S,PKC_group/PKC_alpha,1,,,,,
O15273,157,S,Titinkinase,1,,,,,
P04792,91/65/199/78/15/82/83/86,T/S/S/S/S/S/S/S,No_PK   No_PK   No_PK   No_PK/No_PK/No_PK/No_PK/MAPKAPK2/MAPKAPK2/p70S6Kb   No_PK/No_PK/No_PK/No_PK/No_PK/No_PK/MAPKAPK2/MAPKAPK2   No_PK/No_PK/No_PK/No_PK/No_PK/No_PK/MAPKAPK2/MAPKAPK2/PKD1/p70S6Kb   No_PK/No_PK/No_PK   No_PK,4,,,1,,
P01350,96/87,S/Y,No_PK   SRC,1,,1,,,
P13807,649/647/641/645/636,S/S/S/S/Y,No_PK/GSK-3_beta   No_PK   No_PK/GSK-3_beta   No_PK/GSK-3_beta   No_PK,2,,1,,,
Q14118,892,Y,SRC,,,1,,,
Q9UBK2,266/299/263,S/T/T,p38_group/MAPK14   p38_group/MAPK14   p38_group/MAPK14,1,2,,,,
P04183,13/231,S/S,CDK1/CDK2   No_PK/No_PK,2,,,,,
P27824,554/564/562/583,S/S/T/S,No_PK/No_PK/No_PK/CK2_group   No_PK/No_PK/No_PK/CK2_group   No_PK/No_PK   No_PK/No_PK/No_PK/No_PK/PKC_group,3,1,,1,,
Q8IV61,133,T,PKC_theta,,1,,1,,
Q92918,171/366/586/413/165/368/374/407/376/381/421,S/S/S/S/T/S/S/S/S/Y/S,No_PK   No_PK   No_PK   No_PK   No_PK   No_PK   No_PK   No_PK   No_PK   No_PK/No_PK/SYK   No_PK,9,,1,1,1,
Q13418,343,S,ILK,,,,,,
P35240,518,S,No_PK/No_PK/No_PK/PKA_group/PAK_group/PAK2,1,,,,,
Q16828,159/328/331,S/S/S,MAPK3/MAPK1   No_PK   No_PK/No_PK,2,,,,,
Q09666,2690/2819/2180/2822/264/2063/2833/2850/2467/2852/2854/1708/312/2622/323/2894/2900/2518/2911/2147/2534/2801/243/2805/2809,S/S/S/S/S/S/S/S/S/S/S/T/S/S/S/T/S/S/S/S/S/S/T/S/S,No_PK   No_PK/No_PK   No_PK   No_PK/No_PK   No_PK/No_PK/No_PK   No_PK   No_PK/No_PK   No_PK   No_PK   No_PK/No_PK/PKB_group   No_PK   No_PK   No_PK   No_PK   No_PK   No_PK   No_PK   No_PK/No_PK   No_PK   No_PK   No_PK   No_PK/No_PK/No_PK   No_PK   No_PK   No_PK,19,2,,7,2,
P31947,248/186,S/S,No_PK/No_PK   MAPK8,2,,,,,
O60934,615/397/432/434/278/343,S/S/S/T/S/S,No_PK   No_PK/No_PK/No_PK/ATM   No_PK/No_PK   No_PK   ATM/ATM   No_PK/No_PK/No_PK/No_PK/ATM/ATM/ATM,4,0,,,,
Q13976,59,T,PKC_alpha,0,,,,,
P23588,96/192/283/422/425/459/461/462/285/497/498/500/597/406/495/504/445/219/93,Y/S/S/S/S/S/T/S/Y/S/S/T/S/S/S/S/S/S/S,No_PK   No_PK   No_PK   No_PK/p70S6K   No_PK   No_PK/No_PK/No_PK   No_PK/No_PK   No_PK   No_PK   No_PK   No_PK/No_PK   No_PK   No_PK   No_PK/No_PK   No_PK/No_PK   No_PK/No_PK/No_PK/No_PK   No_PK   No_PK/No_PK   No_PK/No_PK/No_PK,13,2,2,2,2,2
P41180,888,T,PKC_group/PKC_group/PKC_alpha/PKC_alpha,0,,,,,
P08913,232/299/298/297/296,S/S/S/S/S,PKC_group   No_PK   No_PK   No_PK   No_PK,3,,,,,
O15357,986/241/165/167/158,Y/S/T/T/S,No_PK   No_PK   No_PK   No_PK   No_PK,2,2,1,,2,1
Q96B36,88/202/183/97/246/203/212/211/92/90,S/S/S/T/T/S/S/S/S/T,No_PK/No_PK/No_PK   No_PK/No_PK   No_PK/No_PK/No_PK   No_PK   No_PK/No_PK/No_PK/No_PK/PKB_group/PKB_group   No_PK/No_PK   No_PK/No_PK/No_PK   No_PK   No_PK/No_PK/No_PK   No_PK,5,3,,3,2,
Q9Y2W7,63,S,CK1_alpha,1,,,,,
P34741,188/187,S/S,PKC_group   PKC_group,1,,,,,
P25054,2054/2837/780/2398/1042/1392/1438/2835/2088/2789/2093/2671/2096/2469/2125/2464/1360/2838/2129/2473/2130/1864/2151/2270/2143/2674/2535/2260/1863/2283/1861/2533/2034/1279/2676/2679,S/S/S/S/S/S/T/S/S/S/S/S/S/S/S/S/S/Y/S/S/S/S/T/S/S/S/S/S/S/S/S/S/S/S/T/T,PKA_group   No_PK   No_PK   No_PK   No_PK   CK1_group/CK1_epsilon   No_PK   No_PK   No_PK   No_PK/No_PK   No_PK   No_PK/No_PK   No_PK   No_PK   No_PK   No_PK   No_PK   No_PK   No_PK   No_PK   No_PK   No_PK/No_PK   No_PK   No_PK   No_PK   No_PK/No_PK   No_PK   No_PK   No_PK/No_PK   No_PK/No_PK   No_PK/No_PK   No_PK   No_PK   CK1_group/CK1_epsilon   No_PK/No_PK   No_PK/No_PK,23,4,1,8,2,
P29590,512/409/535/403/580/579/578/38/530/527/518/505,S/T/S/S/S/S/S/S/S/S/S/S,No_PK   No_PK   No_PK   No_PK   No_PK   No_PK   No_PK   HIPK2   No_PK/No_PK   No_PK   No_PK   No_PK,9,1,,1,,
P17936,138/140,S/S,CK2_group   CK2_group,2,,,1,,
O00562,794/896/389/1223/621/382/638/287,T/S/T/T/S/S/S/T,MAPK1   No_PK/No_PK   No_PK   MAPK1   No_PK   CDK1   No_PK   CDK1,4,4,,3,,
Q9Y266,145/274/139/285/326,T/S/S/S/S,No_PK/No_PK/No_PK   PLK1   No_PK/No_PK/No_PK   No_PK   PLK1,1,1,,2,,
Q16625,408/305/404/340,S/T/T/S,CK2_group   No_PK   CK2_group   PKC_group,1,2,,1,,
P17181,481/466/495/535,Y/Y/S/S,Tyk2   Tyk2/Tyk2   No_PK   No_PK,2,,2,1,,1
P68400,255/360/344/362/370,Y/T/T/S/S,Lyn/Fgr   CDK_group/CDK_group/CDK1/CDK1   CDK_group/CDK_group/CDK1/CDK1   CDK_group/CDK_group/CDK1/CDK1   CDK_group/CDK_group/CDK1/CDK1,2,2,1,,,
Q9UQL6,259/498,S/S,CaM-KIV   CaM-KIV,2,,,1,,
P41208,26/20/170,T/S/S,No_PK   No_PK/No_PK/No_PK   PKA_group,1,1,,,,
Q16584,277/789/281/702/556/793/708/770/705/674/507/524/555/654/727/758/724,T/S/S/T/S/S/T/S/S/S/S/S/S/S/S/S/S,MAP3K11   No_PK   MAP3K11/MAP4K1   No_PK   No_PK   No_PK/No_PK   No_PK   No_PK   No_PK   PKB_group   No_PK   No_PK/No_PK   No_PK   No_PK   No_PK   No_PK   No_PK,11,2,,5,1,
Q13043,183/320/433,T/S/Y,MST1   No_PK   No_PK,1,1,1,,1,
O95983,24/85/56,S/S/S,AuroraA   No_PK   No_PK,1,,,1,,
Q53EL6,93/405/80/67/457/78/76/94,T/Y/S/S/S/S/S/S,No_PK/No_PK   No_PK   No_PK   PKB_group   No_PK/No_PK/No_PK/No_PK/PKB_group   No_PK   No_PK/No_PK   No_PK/No_PK,6,1,,1,,
O60343,318/757/344/666/341/751/570/566/754/568/752/642/591/673/672/678/750/588/551,S/S/S/S/S/S/S/S/S/T/T/T/S/S/S/S/S/S/S,No_PK/No_PK   No_PK/No_PK   No_PK/No_PK   No_PK/No_PK   No_PK/No_PK/No_PK/No_PK   No_PK/No_PK/No_PK   No_PK/No_PK/No_PK/No_PK   No_PK/No_PK   No_PK/No_PK/No_PK   No_PK/No_PK   No_PK/No_PK   No_PK/PKB_group/PKB_group   No_PK/No_PK   No_PK   No_PK   No_PK   No_PK   No_PK/No_PK/No_PK/No_PK/No_PK/No_PK   No_PK,11,3,,5,2,
P46020,561/563/581/985/1007/981/978/972/1020/1018,T/T/S/S/S/S/S/S/S/S,No_PK   No_PK   No_PK   No_PK/PHK_group   PHK_group   No_PK   No_PK   No_PK/PHK_group   No_PK   PHK_group/PHK_group,3,,,,,
P60484,385/229/362/232/366/240/370/315/380/382/383,S/S/S/T/T/Y/S/Y/S/T/T,No_PK/CK2_group/CK2_group/CK2_alpha   ROCK1   GSK-3_beta   ROCK1   No_PK/GSK-3_beta   Lck   No_PK/CK2_alpha/CK2_alpha   Lck   No_PK/No_PK/CK2_alpha   No_PK/CK2_alpha/LKB1   No_PK,3,3,2,2,2,
P19235,454/456/489/426/368/504,Y/Y/Y/Y/Y/Y,No_PK/No_PK   No_PK/No_PK/No_PK   No_PK/No_PK   No_PK/No_PK/No_PK/No_PK   JAK2/Lyn   No_PK/No_PK/No_PK,0,,5,,,
P61925,8,Y,EGFR,,,1,,,
P54198,611/610/576/584/583/614/612/555/586/687/661,S/S/T/S/T/S/S/T/T/S/S,No_PK   No_PK   No_PK   No_PK   No_PK   No_PK   No_PK   CDK2   No_PK   No_PK   No_PK,6,3,,1,,
Q14790,219/334/347,S/Y/S,No_PK   No_PK   MAPK14,1,,1,1,,
Q14643,353/1598/1764/1767,Y/S/S/S,Fyn   No_PK/No_PK   No_PK   No_PK,3,,1,,,
P36871,115/467/117,T/T/S,No_PK   PAK1   No_PK,0,,,,,
O94916,1247/1367/1197,S/S/S,ATM   ATM   ATM,2,,,2,,
Q9UEW8,373/311/372/233/356/325/387,S/S/S/T/T/S/S,No_PK/WNK1   PKC_theta   No_PK   WNK1   No_PK   PKC_theta   No_PK,3,1,,1,,
Q13323,35,S,CK2_alpha,1,,,,,
O76074,102,S,No_PK/PKA_group/PKA_group/PKG/cGK_group/PKG1/cGK-I,1,,,,,
P40259,207/196,Y/Y,Fyn/Lyn   Fyn/Lyn,0,,2,,,
O00418,135/72/74/359/396/366/445/18/468/398/470/377/474/78/348/477,S/S/S/S/S/S/S/S/Y/S/S/S/S/S/T/S,No_PK   No_PK   No_PK   MAPK13   No_PK/No_PK   AMPK_group/p70S6K_group/RSK_group   No_PK   No_PK/No_PK/No_PK/No_PK   No_PK   AMPK_group   No_PK/No_PK   MAPKAPK2   No_PK/No_PK   AMPK_group   No_PK   No_PK,9,,1,3,1,
P18146,378,S,CK2_group,1,,,,,
P48436,64/181,S/S,No_PK/PKA_group   PKA_group/PKA_group/PKA_group/ROCK1,6,,,,,
P41143,344/361/363/358,S/T/S/T,PKC_group   GRK-2   GRK-2   GRK-2,2,2,,1,,
Q86WV1,142/232/219/271,Y/Y/Y/Y,No_PK   Fyn   Fyn   No_PK,0,,3,,,
Q99661,632/106/633/166/629/611/628/95,S/S/S/S/S/S/S/S,No_PK   No_PK   No_PK/No_PK   No_PK/No_PK   No_PK/No_PK   No_PK   No_PK   No_PK/AuroraB,2,,,,,
P29475,852/1417,S/S,CaM-KII_alpha/CaM-KII_alpha/CaM-KII_alpha   No_PK,2,,,,,
Q06124,304/546/62/584/63/595,Y/Y/Y/Y/Y/S,No_PK   No_PK/No_PK/No_PK/PDGFR_beta   No_PK/No_PK   No_PK/No_PK/No_PK/No_PK/No_PK   No_PK   No_PK,1,,4,,,
P17655,50/370/369,S/T/S,MAPK3/MAPK1   PKA_group   PKA_group,1,,,,,
P51946,315/322,T/S,No_PK/No_PK/CK2_group   No_PK,1,1,,,,
P61020,123,S,CDK1,1,,,,,
P26678,17/16,T/S,No_PK/No_PK/CCDPK   No_PK/PKA_group,1,1,,,,
P27708,1859/456/1884/1406/1823,S/T/T/S/S,No_PK/No_PK/No_PK   MAPK3/MAPK1   No_PK   No_PK/PKA_group/PKA_group/PKA_group   No_PK,2,2,,,,
Q92686,36,S,PKC_group,1,,,1,,
Q9NQS7,897/833/898/836/899/837/263/904/514/142/143/400/145/275/148/150/919/153/291/292/421/294/424/298/300/302/306/311/312/314/446/296/195/197/199/72/73/202/269/208/213/214/218/219/481/230/232/235/239/808/119/507/509/510/255,T/S/S/S/S/T/S/S/S/S/S/S/T/S/S/T/S/T/S/T/S/T/T/T/S/S/S/S/S/S/S/S/T/S/T/S/Y/S/S/S/T/S/S/T/S/S/T/S/T/S/S/T/T/S/S,AuroraB   No_PK/No_PK   No_PK/AuroraB   No_PK/No_PK   No_PK/AuroraB   No_PK/No_PK   No_PK/No_PK/No_PK/No_PK/No_PK   No_PK/No_PK   No_PK   No_PK/No_PK   No_PK/No_PK/No_PK   No_PK   No_PK/No_PK   No_PK/No_PK/No_PK/No_PK/No_PK   No_PK/No_PK/No_PK   No_PK   No_PK   No_PK   No_PK/No_PK   No_PK/No_PK/No_PK   No_PK/No_PK/No_PK   No_PK/No_PK   No_PK/No_PK   No_PK/No_PK   No_PK/No_PK   No_PK   No_PK/No_PK/No_PK   No_PK/No_PK   No_PK/No_PK/No_PK   No_PK/No_PK/No_PK   No_PK/No_PK   No_PK/No_PK/No_PK   No_PK   No_PK/No_PK   No_PK/No_PK   No_PK/No_PK   No_PK   No_PK   No_PK/No_PK/No_PK/No_PK/No_PK   No_PK   No_PK/No_PK/No_PK   No_PK/No_PK/No_PK   No_PK/No_PK   No_PK/No_PK/No_PK   No_PK/No_PK   No_PK/No_PK   No_PK   No_PK   No_PK/No_PK/No_PK   No_PK   No_PK/No_PK   No_PK/No_PK   No_PK   No_PK   No_PK,6,14,1,13,9,
P27105,10/244,S/S,PKA_group   No_PK,2,,,,,
Q9UQF2,15/407/152/409/411/284/29/421/40/181/311/187/444/447/448/193/195/196/197/328/330/205/340/469/214/471/472/473/355/103/235/366/369/341,S/S/S/S/T/T/S/S/S/S/S/S/S/S/T/S/S/S/S/S/S/T/S/S/S/S/S/S/S/T/S/S/S/S,JNK_group   No_PK   No_PK   No_PK   No_PK   JNK_group   JNK_group   JNK_group   No_PK   No_PK   No_PK   No_PK   No_PK   No_PK   No_PK   No_PK   No_PK   No_PK   JNK_group   No_PK   No_PK   JNK_group   No_PK   No_PK   No_PK   No_PK   No_PK   No_PK   No_PK   MAPK8/MAPK9   No_PK   No_PK   No_PK   JNK_group,21,5,,11,,
Q96CW1,156,T,No_PK/AAK1/AAK1,0,,,,,
Q15762,322/290/329,Y/S/S,No_PK/No_PK   No_PK   PKC_alpha,0,,1,,,
O14920,740/675/689/705/682/672/750/181/692/177/695/697/733/670,S/S/S/S/S/S/S/S/S/S/S/S/S/S,IKK_group   IKK_group   IKK_group   IKK_group   IKK_group   No_PK/IKK_group   IKK_group   IKK_group   IKK_group   IKK_group   IKK_group   IKK_group   IKK_group   IKK_group,5,,,1,,
P16150,351/355,S/S,PKC_alpha   No_PK,2,,,,,
P51617,209/376/568/387/100/371,T/S/S/T/T/S,IRAK1   IRAK4   No_PK   IRAK1/IRAK4   PKB_group   No_PK,1,1,,1,,
P67870,209/2/3/4,S/S/S/S,No_PK/CDK_group/CDK_group/CDK_group/CDK1/CDK1/CDK1   No_PK/CK2_beta/CK2_group   No_PK/CK2_beta/CK2_group   No_PK,2,,,,,
Q8WXE1,518/68/72/224/239,S/S/S/S/S,No_PK   ATR   ATR   No_PK/CDK2   CDK2,3,,,,,
P30411,366/332/373/177/375/347,S/Y/S/Y/S/Y,GRK-4   No_PK   PKC_group/PKC_alpha/GRK-4   SRC   GRK-4   SRC,3,,1,,,1
P19022,785/884/852,Y/Y/Y,No_PK   SRC   SRC,0,,3,,,1
Q99640,143/97/120/40/426/495/17/50/469/473/24/94,S/Y/S/S/S/T/T/S/S/S/T/S,No_PK   No_PK   No_PK   No_PK   PLK1   PLK1   No_PK   No_PK   No_PK   No_PK   No_PK   No_PK/No_PK,5,3,1,,1,
Q08945,444/672/437/673/554/657/438/688/561/659/667/668/170/510/671,S/S/S/S/Y/S/Y/S/S/S/S/S/T/S/S,No_PK/No_PK/No_PK/No_PK   No_PK/No_PK   No_PK   No_PK   No_PK   No_PK   No_PK   CK2_alpha   No_PK   No_PK   No_PK/No_PK   No_PK/No_PK   No_PK   CK2_alpha   No_PK/No_PK,8,,2,2,,
O60381,402,S,MAPK11,1,,,1,,
Q14494,599,S,PKA_group,0,,,,,
P20963,64/83/58/111/142/153/123/72,Y/Y/S/Y/Y/Y/Y/Y,No_PK/No_PK/No_PK   No_PK/No_PK/No_PK/No_PK   No_PK   No_PK/No_PK/No_PK/No_PK/No_PK/No_PK/Fyn   No_PK/No_PK/No_PK/No_PK   No_PK/No_PK   No_PK/No_PK/No_PK/Fyn   No_PK/No_PK/No_PK/No_PK,0,,7,,,1
P08559,301/295/300/232/231/293/289,Y/S/S/S/T/S/Y,No_PK/No_PK/No_PK   No_PK/No_PK   No_PK/No_PK/No_PK/No_PK/PDHK1/PDHK1/PDHK2/PDHK2/PDHK3/PDHK3/PDHK4/PDHK4   No_PK/No_PK/No_PK/No_PK/No_PK   No_PK   No_PK/No_PK/No_PK/No_PK/No_PK/PDHK1/PDHK1/PDHK2/PDHK2/PDHK3/PDHK3/PDHK4/PDHK4   No_PK/No_PK,4,,,2,,
P42702,1044/927,S/S,MAPK_group/MAPK3/MAPK1   No_PK,2,,,,,
O96017,383/19/456/33/387/516/50/35/68/26/28,T/S/S/S/T/S/S/S/T/T/S,CHK2   ATM   No_PK   ATM   CHK2   CHK2   ATM   ATM   CHK2/TTK/PLK1/ATM   PLK1/ATM   ATM,1,3,,1,,
Q01954,541/537,S/S,PKC_alpha   No_PK,1,,,1,,
Q9Y2V2,32/41/50/45/146/147/52/30,S/S/T/T/S/S/S/S,No_PK/No_PK/No_PK   No_PK/No_PK/No_PK/No_PK/No_PK/No_PK/No_PK   No_PK   No_PK   No_PK/No_PK   No_PK/No_PK   No_PK/No_PK/No_PK/No_PK/SGK_group   No_PK/No_PK/No_PK,4,1,,1,1,
P20936,460/615,Y/Y,PDGFR_group/EGFR   No_PK/No_PK,0,,2,,,
Q9P286,573,S,PAK5,1,,,1,,
Q13415,417/258/419/196/421/273/427/337/340/203/375/420/476/478,S/S/S/S/S/S/S/T/S/T/T/S/S/S,No_PK/No_PK   CDK1   No_PK   No_PK   No_PK/No_PK   CDK1   No_PK   No_PK   No_PK   No_PK   CDK1   No_PK/No_PK   No_PK   No_PK,8,3,,5,,
P08567,113/114/117,S/T/S,No_PK/PKC_group/PKC_alpha   PKC_group   No_PK/PKC_group/PKC_alpha,1,,,,,
P10912,627/332/566/534/487,Y/Y/Y/Y/Y,No_PK/No_PK   JAK2   No_PK/No_PK   No_PK/No_PK   JAK2,0,,4,,,2
P30086,153/52,S/S,PKC_alpha/PKC_delta   No_PK,1,,,,,
P17600,39/553/427/551/438/605,S/S/S/S/S/S,No_PK   No_PK   No_PK   No_PK/CDK_group   KIS   No_PK/No_PK/PAK_group,6,,,2,,
O96004,107/109/98,T/S/S,PKA_group/PKC_group   PKA_group/PKC_group   PKA_group/PKC_group,2,1,,1,,
Q15648,805/18/1134/1482/1457/1207/1479/1475/1057/774/784/1463/1051/1215/664/953/770/795/772/1481,T/S/S/S/T/S/S/S/T/S/S/S/T/T/S/S/S/S/S/S,No_PK/No_PK   No_PK   No_PK   No_PK/No_PK   MAPK3/MAPK3/MAPK1   No_PK   No_PK/No_PK   No_PK   No_PK/No_PK   No_PK   No_PK   No_PK   No_PK/No_PK/No_PK   No_PK   No_PK   No_PK   No_PK   No_PK   No_PK   No_PK/No_PK,11,5,,2,,
Q07912,284/518/102/857/858/826,Y/Y/S/Y/Y/Y,TNK2/TNK2   No_PK/No_PK   No_PK   No_PK   No_PK   No_PK/No_PK,1,,5,1,,1
O43318,187/389/184/454/192/455/439,T/S/T/S/S/S/S,MAP3K7   No_PK   MAP3K7   No_PK   MAP3K7   No_PK   No_PK/No_PK,2,,,0,2,
ENSP00000352232,439/494/96,Y/Y/S,PDGFR_group/JAK2/JAK1   JAK2/JAK1   MAPK3/MAPK1,1,,2,1,,
O00161,23/24/161/110,S/T/S/S,PKC_alpha   PKC_alpha   PKC_alpha   No_PK,1,,,1,,
P07101,40/19/71,S/S/S,No_PK/MAPKAPK2   No_PK/CaM-KII_group/MAPKAPK2/CaM-KII_alpha   PKA_group/CaM-KII_alpha,2,,,1,,
P15927,33/4/39/8/11/12/13/21/23/29,S/S/S/S/S/S/S/T/S/S,DNA-PK/DNA-PK   No_PK   No_PK   No_PK   No_PK/No_PK   No_PK   No_PK/No_PK   DNA-PK/DNA-PK/DNA-PK/ATM   CDK1   CDK1/CDK1,3,,,2,,
Q15287,205/289/155/161/266/53/251/281/27/157/287,Y/S/S/T/S/S/S/S/S/S/S,No_PK   No_PK   No_PK/No_PK/No_PK   No_PK   No_PK   CK2_alpha   No_PK/No_PK   No_PK   No_PK   No_PK/No_PK   No_PK,7,1,1,3,,
Q05682,789/656/753/643/724/518/744/759/726/730/27/723/735/765/638,S/S/T/S/S/S/S/S/T/T/Y/S/T/S/T,No_PK/MAPK3   No_PK   No_PK   No_PK   No_PK/No_PK   No_PK   No_PK   No_PK/No_PK/No_PK   No_PK   No_PK/No_PK   No_PK   No_PK   No_PK   No_PK   No_PK,5,4,1,1,1,
P06127,482/483/453/487/460/465/434/436/439/485,S/S/Y/Y/S/Y/T/T/S/S,CK2_group/CK2_alpha   CK2_group/CK2_alpha   No_PK/No_PK/No_PK/Lck   Lck   No_PK   No_PK   PKC_alpha   PKC_alpha   No_PK/No_PK   CK2_group/CK2_alpha,3,2,3,,1,
P41161,367,S,PKA_group,1,,,1,,
P37173,548/424/213/259/416/336/409,S/Y/S/Y/S/Y/S,No_PK   TGFbR2   TGFbR2   TGFbR2   TGFbR2   TGFbR2   TGFbR2,1,,,,,
P46108,221/74/83,Y/S/S,No_PK/No_PK/No_PK/Abl   No_PK   No_PK,2,,1,,,1
P54253,776/236/254/239,S/T/S/S,No_PK/PKB_group   No_PK   No_PK   No_PK/No_PK,3,1,,,,
P53779,223/221,Y/T,No_PK/MAP2K4   No_PK/MAP2K_group/MAP2K7,0,1,1,,,
P03372,282/52/294/167/554/106/305/46/311/102/559/118/537/219/154/212/47/236/104,S/Y/S/S/S/S/S/S/T/S/S/S/Y/Y/S/S/S/S/S,No_PK   No_PK   No_PK/No_PK   No_PK/No_PK/No_PK/RSK_group/RSK_group/PKB_beta   No_PK   No_PK/No_PK/No_PK/No_PK/No_PK/CDK_group/GSK-3_beta   No_PK/No_PK/No_PK/No_PK/PAK1   No_PK   No_PK/MAPK_group/MAPK14   No_PK/GSK-3_beta   No_PK/No_PK   No_PK/No_PK/No_PK/No_PK/No_PK/MAPK_group/MAPK_group/RSK_group/MAPK3/MAPK1/GSK-3_beta/CDK7/CDK7/CDK7   No_PK/Lck/SRC   No_PK   No_PK   No_PK   No_PK   No_PK/No_PK/PKA_group   No_PK/No_PK/No_PK/No_PK/CDK_group/CDK_group/GSK-3_beta/GSK-3_beta,9,,3,,,3
Q12968,163/165/204/207/210/211/215,S/S/T/S/T/S/S,MAPK9   MAPK9   CK1_group   CK1_group   CK1_group   CK1_group   CK1_group,5,1,,3,2,
O00168,83/88,S/S,No_PK/PKA_group   No_PK,2,,,,,
P04040,308/231/386,Y/Y/Y,No_PK   No_PK/Abl/Abl2   Abl/Abl2,0,,2,,,1
P54259,103/656/743/79/101/81/107/729/664/734/112/648/119/77/627/741/34/640/646,S/S/S/S/S/S/S/Y/T/S/S/T/S/S/S/S/S/S/T,No_PK   No_PK/No_PK   No_PK/No_PK   No_PK   No_PK/No_PK   No_PK   No_PK/No_PK   No_PK   No_PK   No_PK/MAPK8/MAPK10   No_PK   No_PK/No_PK   No_PK   No_PK/No_PK   No_PK   No_PK/No_PK   No_PK   No_PK   No_PK,14,3,1,1,1,
Q13651,446/496,Y/Y,Tyk2   Tyk2,,,,,,
O00303,258/46/255,S/S/T,No_PK   CDK11   No_PK,1,,,,,
Q9Y618,2049/1539/2057/2061/152/149/2200/922/156/1576/553/554/939/1974/956/54/2514/2516/2261/215/2008/1253/1383/745/2410/748/750/2416/753/1778/756/1017/1018/746/2197,S/S/S/S/S/S/S/S/T/S/T/S/S/S/S/S/S/S/S/S/S/S/T/S/S/T/S/S/S/S/T/S/S/S/S,No_PK/No_PK   No_PK   No_PK   No_PK   No_PK/No_PK   No_PK/No_PK   No_PK   No_PK   No_PK/No_PK   No_PK   No_PK   No_PK   No_PK   No_PK   No_PK   No_PK/No_PK   No_PK   No_PK   No_PK/No_PK   No_PK/No_PK   No_PK   No_PK   No_PK   No_PK   IKK_alpha   No_PK   No_PK   No_PK   No_PK   No_PK   No_PK   No_PK   No_PK   No_PK   No_PK,25,4,,13,3,
P42345,2478/1162/2446/1262/2474/2448/2481,S/T/T/T/T/S/S,No_PK   No_PK   PKB_group/p70S6K   No_PK   No_PK   No_PK/PKB_group/PKB_group/p70S6K   No_PK/mTOR,1,2,,,,
P43354,356/359/132/126/181,S/S/T/S/S,No_PK   No_PK   MAPK1   MAPK1   No_PK,4,1,,1,,
P78314,225/278/174/183,S/S/Y/Y,PKC_alpha   No_PK/No_PK   No_PK   No_PK,2,,2,,,1
P06213,401/992/1185/1348/1064/1354/1190/1355/1062/1361/407/1011/1189/1332/400/1333/1375/999,Y/Y/Y/S/S/S/Y/Y/S/Y/S/Y/Y/S/S/S/T/Y,No_PK   INSR   No_PK/INSR   No_PK   PKC_alpha   No_PK   No_PK/No_PK/INSR   INSR   PKC_alpha   INSR   No_PK   INSR   No_PK/No_PK/INSR   No_PK   No_PK   No_PK   No_PK/No_PK/PKC_group/PKC_alpha   No_PK/INSR/INSR/INSR,0,1,9,5,,2
Q9UBF6,10,T,CK2_group/CK2_alpha,0,,,,,
Q13291,281/307/327,Y/Y/Y,No_PK/Fyn   Lck/Fyn   Fyn/Lyn,0,,3,,,1
P16070,706/62/291/58/686/45/720/672/697,S/T/S/S/S/S/T/S/S,No_PK/No_PK/No_PK   No_PK   PKC_group   No_PK   No_PK/No_PK   No_PK   No_PK/No_PK   PKC_alpha   No_PK/No_PK,3,1,,1,,
Q9NQB0,59/58/60,S/S/S,CK2_group   CK2_group   CK2_group,3,,,,,
P53999,19/51/11/52/12/50/13/58/15/56/17,S/S/S/S/S/S/S/S/S/S/S,No_PK/CK2_group   No_PK   No_PK/CK2_group   No_PK   No_PK   No_PK   CK2_group   No_PK   CK2_group   No_PK   No_PK/CK2_group,7,,,2,,
P41212,18/17/16/257/213/22/31/29,T/Y/S/S/S/S/T/S,No_PK   No_PK   No_PK   MAPK3   MAPK3   No_PK/No_PK   No_PK   No_PK,4,2,1,4,2,
O75582,750/360/752/381/758/581/212/376,S/S/S/S/S/T/S/S,RSK-5   MAPK3/MAPK1/MAPK14   RSK-5   RSK-5   RSK-5   MAPK3/MAPK1/MAPK14   RSK-5   No_PK/No_PK/RSK-5,2,1,,,,
P54646,377/172/173/176,S/T/S/S,No_PK   AMPK_group   No_PK/No_PK   No_PK,2,1,,,,
Q92993,90/86,S/S,No_PK/CDK1   No_PK/No_PK,2,,,1,,
P78347,831/398/677/515/103/503/210/517/839/556/679/558/207/850/318/248/698/699/687/830,S/Y/S/S/S/Y/S/S/S/T/S/T/S/T/Y/Y/T/S/T/S,No_PK   BTK   No_PK   No_PK/No_PK   No_PK   BTK   No_PK/No_PK   No_PK/No_PK/No_PK   No_PK   No_PK   No_PK/No_PK   No_PK   No_PK   No_PK   No_PK/No_PK   No_PK/BTK   No_PK   No_PK   No_PK   No_PK,8,3,4,6,3,
Q08289,514/219/533/534,S/T/S/S,PKA_group/PKA_group   PKA_group   PKA_group/PKA_group   PKA_group/PKA_group,1,1,,,,
Q8IW41,182,T,No_PK/MAPK1/MAPK9/MAPK11/MAPK14,0,1,,,,
Q92597,352/384/356/326/328/332/330/364/333/366/335/336/342/375/346/367/362/319,S/S/T/S/T/S/S/S/S/T/T/S/S/T/T/S/S/S,No_PK   No_PK   SGK_group   No_PK   No_PK/SGK_group   No_PK   No_PK/No_PK/No_PK/SGK_group   No_PK   No_PK   No_PK/No_PK   No_PK   No_PK/No_PK   No_PK   No_PK   SGK_group   No_PK   No_PK   No_PK,2,3,,2,,
Q712K3,238/233,S/S,No_PK   No_PK/CK2_alpha,2,,,,,
Q9Y6I3,417/357/429/435/437/439/410/469,S/S/S/T/T/T/S/T,No_PK   CDK1   No_PK   No_PK   No_PK   No_PK   No_PK   No_PK/No_PK,3,4,,1,1,
P24864,387/391/103/395/77/399/59,S/S/S/T/T/S/S,No_PK/No_PK   No_PK   No_PK   No_PK/CDK2/GSK-3_alpha/GSK-3_beta   No_PK   CDK2   No_PK,3,2,,1,,
Q9NRQ2,88/83,Y/Y,Abl   Abl,,,1,,,
Q93034,730/210/373,S/T/Y,PKA_group   No_PK   No_PK,0,,1,,1,
Q53EZ4,430/428/436/425,T/S/S/S,No_PK   No_PK/No_PK/CDK1   No_PK/No_PK   No_PK/No_PK/CDK1,3,1,,2,1,
Q01970,1105/931/933/934/537/26/925/926,S/S/S/S/S/S/T/S,No_PK/PKA_group/PKA_group/PKG2/cGK-II   No_PK   No_PK   No_PK   No_PK/No_PK/No_PK/CaM-KII_group/CaM-KII_alpha   PKG2/cGK-II   No_PK   No_PK,4,1,,,,
Q9NYV6,172/633/200/649/170/640/44,S/S/T/S/S/S/S,No_PK   MAPK3   MAPK9   RSK-2   No_PK   No_PK   No_PK,6,1,,3,1,
P39748,187,S,CDK1,1,,,,,
Q05586,896/889/890/897,S/S/S/S,PKC_group   PKC_group   No_PK/PKC_group   PKC_group,2,,,1,,
P09543,22/9,S/S,No_PK   PKC_group,1,,,,,
P54132,142/1295/144/1303/1304/412/1310/419/422/551/48/53/57/72/1296/99/550/358/114/499/122/508,S/S/S/S/S/T/S/S/S/Y/S/S/T/S/S/T/S/S/T/S/T/T,No_PK   No_PK   No_PK/No_PK   No_PK   No_PK   No_PK   No_PK   No_PK/No_PK   No_PK/No_PK   No_PK   No_PK   No_PK   No_PK   No_PK   No_PK/No_PK   ATM   No_PK   No_PK   No_PK   No_PK   No_PK   No_PK,9,5,1,2,1,
Q13315,1985/1987/72/367/85/86/1981/373,T/S/T/S/S/T/S/T,No_PK   No_PK   No_PK   No_PK   No_PK   No_PK   No_PK/No_PK/ATM   No_PK,1,,,,,
P54274,219/434/11/435/437,S/S/S/S/S,ATM   No_PK   No_PK   No_PK   No_PK,4,,,2,,
Q13769,6/307/5/314/312/321/322,S/S/S/S/S/T/T,PKC_alpha   No_PK   PKC_alpha   No_PK/No_PK   No_PK/No_PK   No_PK   No_PK,3,,,,1,
P17275,117/259/79/104/102/255/251,S/S/S/T/T/T/S,No_PK   No_PK/No_PK/No_PK   MAPK14   No_PK   No_PK   No_PK/No_PK   No_PK,2,3,,,,1
P52735,575/576/779/172/781/142/159,T/S/S/Y/S/Y/Y,No_PK   No_PK   No_PK   EGFR/Lck   No_PK   EGFR/Lck   EGFR/Lck,2,,3,,,1
Q13444,735/715,Y/Y,SRC_group/SRC   SRC_group/HCK/SRC,0,,1,,,1
O00763,222,S,AMPK_group,1,,,,,
Q13094,128/130/145/173/207/113/376/410,Y/S/Y/Y/S/Y/S/S,No_PK/Lck/ZAP70/ZAP70/ZAP70/SYK   No_PK   TXK/ZAP70   No_PK   No_PK/No_PK/No_PK/No_PK   No_PK/Lck/ZAP70/ZAP70/ZAP70/SYK   MAP4K1   No_PK,3,,4,,,
P26599,16/127/141,S/Y/S,No_PK/PKA_group   No_PK/No_PK   No_PK/No_PK,2,,1,,,
Q9Y6K9,85/387/43/376/377/31,S/S/S/S/S/S,ATM   No_PK   IKK_beta   IKK_beta   No_PK   IKK_beta,4,,,,,
P07307,12,S,PKC_group,1,,,,,
Q9H8V3,334/811/41/40/417/336/815/328/345/342/339/858/413/860/411,S/S/Y/S/S/S/T/T/S/T/S/S/T/S/S,No_PK   No_PK   No_PK   No_PK/No_PK   No_PK   No_PK   No_PK/CDK1   No_PK   No_PK   No_PK/CDK1   No_PK   No_PK   CDK1   No_PK   No_PK,7,4,1,3,,
P09619,857/581/751/1104/716/1009/778/562/775/579/740/1021/771/763,Y/Y/Y/S/Y/Y/Y/Y/Y/Y/Y/Y/Y/Y,PDGFR_group/PDGFR_group/PDGFR_beta/PDGFR_beta   PDGFR_beta   PDGFR_group/PDGFR_beta   GRK-2   PDGFR_beta/PDGFR_beta   PDGFR_beta   No_PK/PDGFR_beta   PDGFR_beta   PDGFR_beta   PDGFR_beta   PDGFR_beta   PDGFR_beta   PDGFR_beta   No_PK/PDGFR_beta/PDGFR_beta,1,,12,1,,4
P31995,310/287/294,Y/Y/Y,No_PK/Lyn   SYK   No_PK,0,,3,,,
P10276,445/181/77/461,S/T/S/S,No_PK   No_PK   CDK7   No_PK,3,1,,,,
P19525,451/258/446/242/293/83/101/88/162/89/456/90/255,T/T/T/S/Y/S/Y/T/Y/T/S/T/T,EIF2AK2   EIF2AK2/EIF2AK2/EIF2AK2   EIF2AK2   EIF2AK2/EIF2AK2/EIF2AK2   No_PK   No_PK/EIF2AK2   No_PK   EIF2AK2   No_PK   EIF2AK2   No_PK   No_PK/EIF2AK2   EIF2AK2/EIF2AK2/EIF2AK2,3,2,3,1,1,2
P09417,223,S,CaM-KII_group,0,,,,,
P31350,33/20,T/S,No_PK   No_PK/No_PK/CDK1,1,1,,,,
ENSP00000343690,628/623/102/632/636/665,T/T/S/S/S/S,GSK-3_beta   GSK-3_beta   No_PK   GSK-3_beta   No_PK/DYRK2   No_PK,2,2,,2,,
Q03135,6/14/37/168/25/80/88,Y/Y/S/S/Y/S/S,No_PK   No_PK/No_PK/Fyn/SRC   No_PK/No_PK/No_PK   No_PK   No_PK   No_PK   CK2_group,0,,2,,,
P19544,365/393,S/S,PKA_group   PKA_group,2,,,,,
Q9Y281,24/3,S/S,CaM-KII_group   No_PK/LIMK1,1,,,,,
Q15121,104/116,S/S,PKC_group   CaM-KII_group/PKB_group,1,,,,,
Q05193,774/776/777/778/780/857,S/T/S/S/T/S,No_PK/No_PK/CDK_group   No_PK/No_PK   No_PK/No_PK   No_PK/No_PK/No_PK/CDK_group   No_PK   DYRK1A,3,2,,1,1,
O95816,20,S,MAPKAPK2,1,,,,,
Q9BYG3,279/234/230/227/238/240/223/247/220/218,T/T/S/T/T/T/T/S/T/S,No_PK   No_PK/No_PK/No_PK/No_PK/GSK-3_alpha/GSK-3_beta   No_PK/GSK-3_alpha/GSK-3_beta   No_PK   No_PK/No_PK/No_PK/No_PK   No_PK/No_PK   No_PK/No_PK   No_PK/No_PK   No_PK   No_PK,3,6,,,1,
O95997,165,S,No_PK/No_PK/No_PK/CDK1,1,,,1,,
P17542,122/172/90,S/S/T,MAPK3   PKA_group   No_PK,,2,1,1,,
P53805,112/108,S/S,MAPK_group   GSK-3_group,2,,,,,
Q9Y5B0,869/575/872/674/740,S/S/S/S/S,No_PK   CK2_group   No_PK   No_PK/No_PK   No_PK/No_PK/No_PK/CK2_group,5,,,,,
P06730,209/53,S/S,No_PK/No_PK/Mnk1/Mnk2   No_PK,0,,,1,,
P04150,8/113/508/141/267/45/211/203/226/234/134,T/S/S/S/S/S/S/S/S/S/S,No_PK   No_PK/No_PK   DNA-PK   No_PK/No_PK   No_PK   No_PK   No_PK   No_PK   No_PK/JNK_group/MAPK_group   No_PK   No_PK,6,1,,2,,
O15350,99/86/47,Y/T/S,Abl   CDK2   CHK1,0,1,1,,1,1
P01100,232/362/331/325/374,T/S/T/T/S,MAPK3/MAPK1   No_PK/RSK_group/RSK-2/RSK-2   MAPK3   MAPK3   MAPK_group,2,,,,1,
,,,,,,,,,
,,,,609,177,136,192,57,30
,,,,,,,,,
,,,,922,,,279,,
